id,paragraph,token_index,token,x_px,y_px,angle_deg,font_size_px,trace_length_px,source,ductus_variant,gallow_family,mask_w_px,mask_h_px
1:0,1,0,otor,1338.6683126023738,865.3039093072138,21.1,13.878005543663948,37.6,gallow,t-1,t,39.44823075786478,18.73530748394633
1:1,1,1,os,1369.6678559040433,878.0317158150048,28.6,14.6,17.2,free,,,,
1:2,1,2,om,1392.2775115206696,889.8296880797596,32.6,17.9,21.1,free,,,,
1:3,1,3,araiin,1425.2577828377196,914.961494562527,37.9,13.1,46.4,free,,,,
1:4,1,4,okeody,1467.0984066782003,957.7673930732196,48.3,14.1,49.8,gallow,k-1,k,,
1:5,1,5,okar,1498.8921421369398,997.6133396409215,54.1,16.5,38.8,gallow,k-3,k,,
1:6,1,6,odsheedy,1522.0481683781352,1045.0410972442207,65.9,12.2,57.5,free,,,,
1:7,1,7,odaiin,1542.9872234902612,1103.6409985920222,80.1,12.5,44.2,free,,,,
1:8,1,8,okchdy,1548.508786050758,1156.4957099308845,86.2,11.7,41.4,gallow,k-1,k,,
1:9,1,9,okar,1550.95162548128,1208.4639328287142,93.5,15.3,35.9,gallow,k-1,k,,
1:10,1,10,shor,1545.4801493627922,1250.4,104.6,13.3,31.4,free,,,,
1:11,1,11,okaiin,1530.2679677467179,1294.1552140491585,109.5,12,42.2,gallow,k-2,k,,
1:12,1,12,daiin,1505.0544769043634,1339.1658109821162,120.6,12.9,38,free,,,,
1:13,1,13,ofair,1474.5495305909526,1381.3726759226327,129.5,13.2,38.8,gallow,f-1,f,,
1:14,1,14,oly,1448.1843047055363,1410.5556846951356,135.3,15.4,27.1,free,,,,
1:15,1,15,olkair,1412.1722071236588,1438.0768312653768,142.1,13.4,47.3,gallow,k-2,k,,
1:16,1,16,odal,1378.5686931015944,1461.1537561425262,151.5,13.8,32.4,free,,,,
1:17,1,17,olkalor,1332.40296509301,1482.6068977377388,154.2,13.4,55.1,gallow,k-3,k,,
1:18,1,18,olor,1288.3549531331062,1498.817871908289,169.8,13.1,30.8,free,,,,
1:19,1,19,s,1228.0075199556973,1508.0541014147234,177.3,16.716032395019084,10.4,free,,,15.979393679306382,22.566643733275765
1:20,1,20,y,1213.1351517464236,1510.3810503317002,-179.3,19.8893254523989,11.2,free,,,18.59128526497918,26.850589360738518
1:21,1,21,o,1198.3019249226413,1506.970283522306,-176.5,18,10.6,free,,,,
1:22,1,22,d,1182.5381589536305,1504.9673561972625,-175,17.558754210611017,12.3,free,,,15.891092626493176,23.704318184324872
1:23,1,23,esha,1159.9286769275561,1499.2299452087466,-167.1,10.3,24.3,free,,,,
1:24,1,24,x,1136.1,1496.3,-160.4,22.6,13.3,free,,,,
1:25,1,25,k,1110.7,1486.8,-159,24,17.3,gallow,k-3,k,,
1:26,1,26,r,1091.6,1481.1,-157.8,24,16.1,free,,,,
1:27,1,27,olar,1065.1,1468.8,-153.7,13.8,32.4,free,,,,
1:28,1,28,oteedaiin,1012.6,1433.5,-141.3,14.1,74.8,gallow,t-3,t,,
1:29,1,29,otes,963.4,1388.4,-130.1,15.5,36.4,gallow,t-1,t,,
1:30,1,30,ar,943.3,1365,-126.3,14.5,17.1,free,,,,
1:31,1,31,yqos,919.3,1324,-118,20.1,47.3,free,,,,
1:32,1,32,aiiin,897.2,1276.2,-109.6,12,35.4,free,,,,
1:33,1,33,ol,888.6,1234.3,-99.2,19.5,23,free,,,,
1:34,1,34,qotody,884,1194.9,-91,10.9,38.5,gallow,t-3,t,,
1:35,1,35,ol,884.4,1145.9,-81.6,15.9,18.7,free,,,,
1:36,1,36,oir,890.5,1115.3,-81.8,13,22.9,free,,,,
1:37,1,37,or,897.1,1088.6,-79,15.4,18.2,free,,,,
1:38,1,38,oroa,909.1,1049.7,-67.9,14.2,33.3,free,,,,
1:39,1,39,oteeedy,935,1003.9,-60.9,14.9,61.3,gallow,t-1,t,,
1:40,1,40,okal,968.1,955,-49.9,15.3,36.1,gallow,k-1,k,,
1:41,1,41,okodar,1009.4,915.3,-38.8,15.6,55.1,gallow,k-1,k,,
1:42,1,42,otshe,1056.7,884.1,-29.8,14.3,42.2,gallow,t-1,t,,
1:43,1,43,okody,1114.2,860.1,-20.8,16.2,47.6,gallow,k-1,k,,
1:44,1,44,otedy,1168.8,847.3,-11.6,15.4,45.4,gallow,t-1,t,,
1:45,1,45,chdar,1222,840.8,-3.5,15.5,45.6,free,,,,
1:46,1,46,o,1254.0692012377403,840.7350119526378,3.6,14.404910798133326,11.8,free,,,13.245315478883594,19.44662957747999
2:0,2,0,oteedy,996.7368654008006,1033.8187935953597,49.3,12.6,44.5,gallow,t-3,t,,
2:1,2,1,opy,1045.4373796622233,988.2677002360346,54.9,13.7,24.1,gallow,p-3,p,,
2:2,2,2,odal,1113.8528252854248,943.5391120903031,66.3,14,33,free,,,,
2:3,2,3,shdy,1188.7799023174593,916.0030228525674,78.6,16.5,38.8,free,,,,
2:4,2,4,opchees,1252.9988737303588,913.4083764787395,91.5,13.3,54.8,gallow,p-1,p,,
2:5,2,5,opar,1349.1956902256343,933.9694056982746,102.4,17.7,41.5,gallow,p-3,p,,
2:6,2,6,daral,1412.822538427239,984.0128939709942,107.8,15.4,45.3,free,,,,
2:7,2,7,ols,922.5780114894096,1232.3011002892026,-17.2,17.3,30.6,free,,,,
2:8,2,8,ypal,940.3138479529639,1291.5760587912216,-31.5,13.720142057396414,28.5,gallow,p-3,p,40.73521515801373,18.52219177748516
2:9,2,9,opydsh,975.7782461340443,1339.7014182492242,-39,13.2,46.4,gallow,p-3,p,,
2:10,2,10,rshy,1007.2775367388332,1383.1211752175582,-51.6,15.8,37.2,free,,,,
2:11,2,11,olz,1035.6095161357985,1408.4720465281787,-54.9,14.447182321585997,32.2,free,,,31.60122682540322,19.503696134141098
2:12,2,12,dtedg,1064.5500927704616,1423.7201527824352,-62.2,15,44.1,gallow,t-1,t,,
2:13,2,13,opy,1096.141270728348,1442.8522499770615,-72,16.8,29.6,gallow,p-3,p,,
2:14,2,14,ofdaj,1133.3897884590303,1450.4185186183263,-73.7,14.9,43.9,gallow,f-1,f,,
2:15,2,15,ddary,1170.206536295637,1460.0145847177012,-82.1,17.1,50.3,free,,,,
2:16,2,16,otody,1220.6351640489975,1464.541255336622,-88.1,18,52.9,gallow,t-1,t,,
2:17,2,17,dairdy,1251.7667083683687,1457.918963806738,-90.3,15.417533245518278,56.9,free,,,62.95811945506827,20.813669881449677
2:18,2,18,rody,1284.8952048337183,1459.9532674018756,-101.7,19.7,46.4,free,,,,
3:0,3,0,otdodar,1183.2534284228398,1198.121749075645,-80.2,11.8,48.5,gallow,t-3,t,,
3:1,3,1,oedy,1197.6315636805189,1150.120080119064,-82,14.9,34.9,free,,,,
3:2,3,2,soshxor,1218.2452342813376,1202.3037235372476,-82.6,17.7,72.7,free,,,,
3:3,3,3,arar,1227.916097385326,1139.9653245112197,-76.3,16.3,38.3,free,,,,
3:4,3,4,otedain,1238.4095750797287,1211.867325558662,-81.8,15.2,62.5,gallow,t-3,t,,
3:5,3,5,otedy,1246.4973821230628,1153.9490604951193,-83,12.8,37.6,gallow,t-1,t,,
3:6,3,6,ytedar,1260.7726536978535,1215.8,-85.2,14,49.3,gallow,t-3,t,,
3:7,3,7,ary,1265.2740825088938,1178.2726049549406,-84.8,10.1,17.9,free,,,,
3:8,3,8,opchedaiin,1335.0158869317486,1176.1017418509523,-92.1,12.5,73.7,gallow,p-3,p,,
4:0,4,0,ofain,53.62611012855426,369.6122852351777,3.2,12.460447315110402,48.7,gallow,exception,,42.88720827402607,16.821603875399042
4:1,4,1,ain,88.77064605651297,374.28303643103567,5.8,11.649058194057439,29.7,free,,,25.783942199168205,15.726228561977544
4:2,4,2,ych,44.19333728533087,387.8640444866543,0,11.348819987974391,35.2,free,,,24.377265334168996,15.320906983765427
4:3,4,3,?ais,76.70871917594077,389.43678552364725,5.9,10.53628856000561,32.7,free,,,30.574186983296862,14.223989556007574
4:4,4,4,ydekam,60.675318308173516,412.07587950042165,0.1,14.568136485680396,71.9,gallow,k-1,k,58.19756288728059,19.666984255668535
4:5,4,5,darchedy,61.49535291652425,438.0423875592586,0.7,13.657128855592237,82.6,free,,,72.36717478737532,18.43712395504952
4:6,4,6,otochedy,51.79705382048654,476.3296201698262,-2.5,12.498870756088523,74.1,gallow,t-1,t,66.71769832573241,16.87347552071951
4:7,4,7,sy,93.75367284626299,476.68698515108696,-2.1,10.312126800740703,18.5,free,,,16.699734006932,13.92137118099995
4:8,4,8,soeedoy,45.436064002613705,499.9645237358679,-1.9,12.535015099044823,70.2,free,,,58.77447373793312,16.922270383710515
4:9,4,9,olal,93.1133263115293,501.3625397749084,-0.5,12.407755961544636,36.9,free,,,35.36210449040221,16.750470548085257
4:10,4,10,dchor,41.88881593228089,521.6814922166727,-0.9,11.49566206578545,42.6,free,,,40.2189611446411,15.519143788810359
4:11,4,11,orary,83.53794774017655,523.1997499192407,0.4,13.763219571045138,53.4,free,,,47.19795794335755,18.58034642091094
4:12,4,12,sairojam,62.60026208358541,549.7812240062814,1.2,17.07200096699412,108.1,free,,,88.70389024176662,23.047201305442062
5:0,5,0,saeeasa?,54.855849682442525,31.182556845668653,0.1,14.37443874732782,60.8,free,,,77.82254279948643,19.40549230889256
6:0,6,0,oto,179.51324413375812,293.60340324232845,-53.7,15.690508653758165,32.4,gallow,t-1,t,34.126856321924016,21.182186682573523
6:1,6,1,tosaes,211.15011962127605,255.35390274873225,-47.2,15.053920579412528,61.4,gallow,t-1,t,60.61998761321148,20.322792782206914
6:2,6,2,adar,256.9353383199534,218.49424019455628,-31.6,16,37.6,free,,,,
6:3,6,3,otar,294.06776479901947,198.82732276055435,-24.8,16.3,38.1,gallow,t-3,t,,
6:4,6,4,otes,334.6,185.0046197463282,-14.6,13.8,32.3,gallow,t-3,t,,
6:5,6,5,okaiin,376.23615619556165,179.08660235545895,-7.5,11.508834738816349,47.8,gallow,k-1,k,47.550104703977254,15.53692689740207
6:6,6,6,dal,427.34736683167034,176.81095532607705,8.4,14.6,25.6,free,,,,
6:7,6,7,al,449.26434564525084,181.73744126164448,12.1,13.4,15.8,free,,,,
6:8,6,8,chdar,476.64547744779236,188.93593068625998,15.3,11.262176367289234,35,free,,,40.45865879845502,15.203938095840467
6:9,6,9,otdar,518.0939519422964,204.30356785993072,25.2,13.264578960650056,41.6,gallow,t-1,t,46.407343856696826,17.907181596877578
6:10,6,10,chefchs,560.4159086948989,233.76282321905228,39.3,10.263288877854581,48.3,gallow,p-1,p,49.32901938199343,13.855439985103686
6:11,6,11,okor,598.1659060686563,268.25316372612195,51,12.769112624898016,32.2,gallow,k-1,k,37.10499077351752,17.23830204361232
6:12,6,12,ol,619.8931249830571,299.116185010506,57.2,12.716897680373059,15.9,free,,,21.221323004122542,17.16781186850363
6:13,6,13,om,631.2688167963547,316.0524113124647,63.2,14.145106674320791,20.8,free,,,22.248574565711348,19.09589401033307
6:14,6,14,olkeeodaiin,650.4607316870644,376.80145725693166,74.7,12.037618798199608,85.5,gallow,k-3,k,86.68443160883966,16.25078537756947
6:15,6,15,shol,658.7156065584243,449.3728695792416,89.9,12.608070094184722,31.5,free,,,36.76569693509463,17.020894627149378
6:16,6,16,okal,652.3736882738202,490.97182802982894,99.6,11.287464639549407,29.6,gallow,k-3,k,33.21739593924539,15.2380772633917
6:17,6,17,orshees,634.7438427605117,543.3959184598733,111.7,12.125500496469858,51.7,free,,,58.01474582775281,16.36942567023431
6:18,6,18,qoeey,608.7158164587084,592.9015617731305,123.2,13.493430138741795,43.1,free,,,47.048011004163996,18.216130687301423
6:19,6,19,okalol,573.705279901098,634.2081260823294,135.8,11.13225284772008,42.8,gallow,k-1,k,46.481718037939416,15.02854134442211
6:20,6,20,otodr,529.0476542832864,668.6640738147219,148.8,14.946832605519196,47,gallow,k-2,k,51.70669904471797,20.17822401745092
6:21,6,21,ochs,487.11366846128254,692.3466441428845,157.5,12.883524775965585,31.1,free,,,37.44456016653756,17.39275844755354
6:22,6,22,ar,454.7856442727974,701.5275998814151,164.4,15.163877318448288,20,free,,,23.94296418702361,20.47123437990519
6:23,6,23,ol,431.46449014395796,704.7392707733014,176.6,12.97780203911892,19.1,free,,,20.744578658235795,17.520032752810543
6:24,6,24,oqokam,379.22079464252755,706.6515870676485,-178.4,17.134534586562474,65.7,gallow,k-1,k,68.70765112157152,23.131621691859344
6:25,6,25,oteed,310.2546246130191,693.2896774405108,-161.3,11.503342740915288,40.5,gallow,t-1,t,40.44925409441408,15.529512700235639
6:26,6,26,oteedy,264.2201033200381,672.8518654342788,-151.5,13.185256614727045,50.8,gallow,t-3,t,54.33424496652103,17.80009642988151
6:27,6,27,okedy,218.76902082923644,640.7234727822976,-136.8,12.83759562332298,42.7,gallow,k-1,k,44.69857352819341,17.330754091486025
6:28,6,28,lraiin,178.87238512463242,596.6450786135805,-126.1,14.643558414083314,59,free,,,59.22796394267626,19.768803859012475
6:29,6,29,or,155.76116332789584,557.2563089372308,-112.2,16.559907201868647,23,free,,,25.473530721241822,22.355874722522678
6:30,6,30,aiin,144.89424049798257,528.830118326914,-107.3,13.1,30.7,free,,,,
6:31,6,31,okor,134.6,482.2,-96.6,15.7,37,gallow,k-1,k,,
6:32,6,32,okeedy,133.28263182276797,426.7753847276975,-86.9,13.220576510796356,50.3,gallow,k-3,k,54.37539912464948,17.847778289575082
7:0,7,0,okchdarar,506.38657923173525,448.66460813491796,91.9,11.461135104988893,66.1,gallow,k-1,k,69.138151407335,15.472532391735005
8:0,8,0,sais,1360.97485558221,630.5033367920523,156.2,11.5,27.1,free,,,,
8:1,8,1,od,1339.9492730332427,637.8219149441774,163.2,12.6,14.8,free,,,,
8:2,8,2,r,1325.4728132252428,643.9243335636244,162.2,16.5,9.7,free,,,,
8:3,8,3,ar,1311.320720748548,645.84734720087,168.1,12.9,15.2,free,,,,
8:4,8,4,or,1286.4423397112525,651.0478318453748,173.3,13.9,16.3,free,,,,
8:5,8,5,okal,1259.9961739603652,651.5795752329246,178,12.8,30.2,gallow,k-1,k,,
8:6,8,6,okal,1216.9034124699824,648.8181016501895,-174.3,12,28.3,gallow,k-1,k,,
8:7,8,7,or,1188.8419807974972,644.3054502238724,-165.4,13.5,15.9,free,,,,
8:8,8,8,alal,1163.2259460658006,634.7897707326222,-159.4,14.5,34.2,free,,,,
8:9,8,9,ykal,1126.55984479542,621.4296964275051,-154,14.3,33.8,gallow,k-1,k,,
8:10,8,10,ol,1103.5238453796273,607.58090343569,-145.1,12.3,14.5,free,,,,
8:11,8,11,ar,1083.3844658448668,590.7736776717197,-139.9,14.3,16.8,free,,,,
8:12,8,12,ol,1063.963963277035,575.4424900035275,-135.5,14.3,16.8,free,,,,
8:13,8,13,al,1048.7226465809206,559.2354856066848,-131.6,16.3,19.2,free,,,,
8:14,8,14,ol,1033.73600401887,539.2347795950525,-127.8,14.8,17.5,free,,,,
8:15,8,15,al,1019.8852380815531,519.0401889874458,-121.8,16.9,19.8,free,,,,
8:16,8,16,lor,1011.7150555303713,498.4509145662047,-116.1,10.4,18.3,free,,,,
8:17,8,17,okan,997.0210614736012,467.95417037108876,-105.9,16.2,38.1,gallow,k-2,k,,
8:18,8,18,okod,986,427,-98.2,16.8,39.5,gallow,k-1,k,,
8:19,8,19,oked,982.4,381,-87.7,15.8,37.3,gallow,k-1,k,,
8:20,8,20,okeo,985.4,342.2,-81.3,14.7,34.6,gallow,k-2,k,,
8:21,8,21,ldy,994.2,304.1,-74,20.5,36.2,free,,,,
8:22,8,22,opashs,1018,246.9,-59.3,15.3,54,gallow,p-3,p,,
8:23,8,23,otedy,1051.1,201,-49.7,14.7,43.2,gallow,t-1,t,,
8:24,8,24,chedchs,1095.2,160.4,-38.1,15.9,65.5,free,,,,
8:25,8,25,sheekedy,1152.6,127.2,-21.8,12.5,59,gallow,k-1,k,,
8:26,8,26,odal,1204.1,111.3,-5.9,15.7,37,free,,,,
8:27,8,27,shd,1243.6,106.5,-3.3,15.7,27.7,free,,,,
8:28,8,28,olkeedy,1289.5,108.6,8,13.9,57.1,gallow,exception,,,
8:29,8,29,yky,1335.9,117.4,17.7,16,28.3,gallow,k-3,k,,
8:30,8,30,kaiir,1369.8,129.6,22.3,12.9,38,gallow,k-1,k,,
8:31,8,31,okchdy,1411.3,153.8,35.3,14.2,50.2,gallow,k-1,k,,
8:32,8,32,otol,1453,188.7,46.1,17.4,40.9,gallow,t-1,t,,
8:33,8,33,ar,1473.2,212.5,51.9,13.2,15.6,free,,,,
8:34,8,34,y,1482.4,225.3,53.9,15.1,8.9,free,,,,
8:35,8,35,aiin,1503.19598990041,271.0841993810778,70,12.4,29.2,free,,,,
8:36,8,36,aiir,1515.2158962553005,306.10469876249795,72.4,14.7,34.6,free,,,,
8:37,8,37,oeal,1525.05583469583,347.1597318103175,84.3,16.4,38.5,free,,,,
8:38,8,38,okchdy,1521.8243499825805,401.2,96.3,15.4,54.3,gallow,k-3,k,,
8:39,8,39,oly,1515.1180515973701,448.3,101.7,16.6,29.3,free,,,,
8:40,8,40,okain,1491.4598274466957,510.70649058773495,119.4,15.5,45.5,gallow,k-1,k,,
8:41,8,41,olkaiin,1454.3600451405143,559.2984085198573,130.8,14.6,60.3,gallow,k-1,k,,
8:42,8,42,ody,1413.6057718304555,600.7427113706551,143.3,16.9,29.7,free,,,,
9:0,9,0,oko,1088.7761568511053,487.77186608776435,-38.4,11.7,20.7,gallow,k-3,k,,
9:1,9,1,daiiny,1061.776651642918,398.0660288059217,-11.9,11.7,41.4,free,,,,
9:2,9,2,docfhhy,1077.4637392704226,310.2404050837798,17,10.2,42,gallow,f-3,f,,
9:3,9,3,okedy,1136.2664353622379,233.96367064591865,50,13.2,38.7,gallow,k-1,k,,
9:4,9,4,okary,1233.8888051070005,197.3845241144331,77,12.3,36.2,gallow,exception,,,
9:5,9,5,opain,1327.1717929733948,206.81405736574374,112.1,12.6,37.2,gallow,f-3,f,,
9:6,9,6,opar,1398.5866230779457,256.4328361520023,136.9,13.8,32.4,gallow,p-3,p,,
9:7,9,7,adairy,1439.2964573541649,336.6154958573577,156.6,12.7,44.9,free,,,,
9:8,9,8,dxar,1436.681362952615,432.3930032144253,-167.2,16.3,38.4,free,,,,
9:9,9,9,okory,1392.7488643923803,514.9352923182751,-164.6,12.2,35.9,gallow,k-1,k,,
11:0,11,0,okos,2078.746720744039,135.42252651041656,12.2,14.378770775724544,36.2,gallow,k-1,k,41.09153908049593,19.411340547228136
11:1,11,1,cpor,2115.0582783533882,144.56168193341745,18.6,13.36512983728168,33.5,gallow,p-2,p,38.48316231119393,18.04292528033027
11:2,11,2,air,2144.634192428477,155.35791732435027,25.9,13.2,23.3,free,,,,
11:3,11,3,u,2164.2581880961293,164.9480815925626,29.8,16.49590210669392,13.5,free,,,14.53296179050436,22.269467844036793
11:4,11,4,oteoteedy,2205.1,197,42.1,14.7,77.6,gallow,t-1,t,,
11:5,11,5,otos,2251,246,55,17.1,40.1,gallow,t-1,t,,
11:6,11,6,otedar,2279.9,301,68.5,15.8,55.9,gallow,t-1,t,,
11:7,11,7,ches,2294.6,347.8,79.3,13.4,31.6,free,,,,
11:8,11,8,okodainol,2295.5460819535915,413.42150863947916,92.4,14.284091634357006,83.1,gallow,k-1,k,84.84477486381928,19.28352370638196
11:9,11,9,ykedy,2284.7,480.7,107.5,14.6,43,gallow,k-2,k,,
11:10,11,10,eedor,2263.3,525.4,118.9,15,44,free,,,,
11:11,11,11,tchdaiin,2226.1,578.3,131,13.9,65.5,gallow,t-1,t,,
11:12,11,12,sy,2194.5398155459034,614.2917535156644,139.8,14.5,17.1,free,,,,
11:13,11,13,sarald,2148.343802441737,642.7105188179469,152.1,17.5,61.9,free,,,,
11:14,11,14,todar,2089.577966960495,664.7644466832929,165.3,18.5,54.3,gallow,t-3,t,,
11:15,11,15,chkar,2033.7368735729544,672.8731813582194,175.8,15.2,44.6,gallow,k-3,k,,
11:16,11,16,odair,1978.3244777664672,668.4854237937844,-168.8,16,47,free,,,,
11:17,11,17,or,1942.8868180947984,657.9245580042597,-159.4,14.5,17.1,free,,,,
11:18,11,18,oal,1910.4637165185525,647.0504850940782,-157.5,16.690235799909132,32.2,free,,,36.50759819749356,22.531818329877336
11:19,11,19,okchdy,1868.9124779950125,619.9458013927183,-144.4,12.5422499831597,50.8,gallow,k-1,k,51.68452180560392,16.932037477265595
11:20,11,20,seedy,1828.8501286112858,585.3449016969976,-133.8,13.7,40.3,free,,,,
11:21,11,21,oteedy,1797.3012985931234,538.9478472222783,-122.7,12.499654228296594,46.7,gallow,t-3,t,52.11503564047751,16.874533208200404
11:22,11,22,ykchda,1773.705595093171,486.0290909753918,-109.7,11.7392823430638,47.6,gallow,k-1,k,48.67889078257123,15.848031163136131
11:23,11,23,cheky,1761.103699993839,437.0773154319491,-101.7,11.289884698468752,38.8,gallow,k-2,k,39.976455364123446,15.241344342932816
11:24,11,24,o,1760.8887213378896,407.8990903372458,-89,10.350412520145335,8.2,free,,,10.879102656066427,13.973056902196202
11:25,11,25,aiin,1760.3234083180896,385.9886789232795,-85.1,10.2,24.1,free,,,,
11:26,11,26,okees,1765.1545875376512,347.54247772152144,-79.1,10.515069699216035,36.8,gallow,k-1,k,37.5514169098403,14.195344093941646
11:27,11,27,olar,1775.4750421867006,306.81458790230585,-70.3,12.986049187783868,34.6,free,,,37.39452123257763,17.53116640350822
11:28,11,28,or,1785.7678894545606,278.61218650159054,-62.8,13.2,15.6,free,,,,
11:29,11,29,ykeedy,1808.1110034562066,248.13983176969202,-55.2,12.790911735567867,54.1,gallow,k-1,k,52.50543866355163,17.267730843016622
11:30,11,30,okeo,1842.524425384824,208.03826243463286,-44.2,13.6,32,gallow,k-3,k,,
11:31,11,31,lodaiin,1881.4750638498242,179.65541054791106,-33.7,11.666545538413345,54.8,free,,,55.736263421863455,15.749836476858018
11:32,11,32,or,1918.2531598774233,155.43584389849207,-26.3,14.1,16.6,free,,,,
11:33,11,33,olaiiin,1960.7136138031653,141.1367925324037,-18.1,12,49.6,free,,,,
11:34,11,34,olar,2009.963157936137,132.29311215241793,-0.8,12.418773955493139,35.9,free,,,35.69988999903111,16.765344839915738
12:0,12,0,opoor,2031.6,629.6580195244657,179.8,14.3,42,gallow,p-1,p,,
12:1,12,1,daly,1991.098851225467,627.3744817746173,-174.1,14.4,33.9,free,,,,
13:0,13,0,o?ochs,2144.1732039387193,469.65474857504466,119,9.134843868787868,39.1,free,,,38.06277494620307,15.756364978647662
13:1,13,1,octhey,2112.5,507.9,137.3,16.9,59.5,gallow,t-1,t,,
13:2,13,2,osar,2069,530.1,173.7,15.4,36.3,free,,,,
13:3,13,3,aram,2022.8482254090598,528.9135262752736,-177.2,15.385233401968492,41.8,free,,,43.121870473270114,20.770065092657465
13:4,13,4,arkeeody,1974.4072684311946,499.04060635226915,-132.4,12.994933412321037,73.7,gallow,k-2,k,69.0179950691968,17.5431601066334
13:5,13,5,ochdor,1941.9820210681783,444.6876517409044,-100.7,13.859362061165315,53.4,free,,,56.970238618313324,18.71013878257318
13:6,13,6,ol,1937.9522944525531,408.9211793107253,-88.9,13.3,15.6,free,,,,
13:7,13,7,oekairy,1960.7423802845738,372.80630444269536,-42.5,13.562346798279231,62.5,gallow,k-1,k,63.90809798860197,18.309168177676963
13:8,13,8,ytodaro,2021.3423405106582,352.3068838134786,14.6,14.3631973518592,69.3,gallow,t-1,t,67.34031187018988,19.390316425009924
13:9,13,9,opalshy,2065.8532672814035,396.4595671964012,73,13.377375581489,60.1,gallow,p-1,p,63.31805065471215,18.05945703501015
13:10,13,10,or,2065.1,432.5,135.7,11.5,13.6,free,,,,
13:11,13,11,arodar,2041.990296225595,455.33412451165253,141.1,11.50774264218519,46.3,free,,,47.97674537427056,15.535452566950012
13:12,13,12,ykodar,1992.877684522469,457.32600732761085,-152.2,13.458628488446951,53.8,gallow,k-1,k,55.33090093704276,18.169148459403385
13:13,13,13,ykodar,1967.5949580867905,416.29031324770926,-90.5,12.038586624796183,50.4,gallow,k-1,k,49.6023443309784,16.25209194347485
13:14,13,14,ykary,1993.428182224275,378.314670938739,-19,12.63232829200572,40.9,gallow,k-1,k,44.48124519800144,17.053643194207723
13:15,13,15,opalxy,2039.4398636444532,394.8677585611106,60,13.2,46.5,gallow,p-3,p,,
14:0,14,0,yke,1786.3,1362.3,-129.9,15.8,28,gallow,k-1,k,,
14:1,14,1,okees,1763.4,1325.3,-119.3,12.6,37,gallow,k-2,k,,
14:2,14,2,olchedy,1740.1,1275,-109.6,14.2,58.6,free,,,,
14:3,14,3,okal,1726.9,1222.9,-100.9,15.1,35.6,gallow,k-3,k,,
14:4,14,4,y,1720.1321495920752,1197.9966296696505,-89.6,14.734702098290049,11.1,free,,,13.76408283308523,19.891847832691564
14:5,14,5,dol,1721.7,1176.1,-90.6,10.8,19.1,free,,,,
14:6,14,6,otodar,1727.6,1134.2,-78.7,16.1,56.7,gallow,t-3,t,,
14:7,14,7,shekal,1743.3,1084.4,-65.4,12.3,43.3,gallow,k-3,k,,
14:8,14,8,olkar,1787.7312512453414,1019.6026697423052,-48.7,15.3,45.1,gallow,k-1,k,,
14:9,14,9,cheykar,1830.598562033187,979.1853857824539,-38.9,14.5,59.7,gallow,k-3,k,,
14:10,14,10,shal,1875.0009887934464,950.9250586373535,-27.1,13.7,32.2,free,,,,
14:11,14,11,qokal,1925.0286803823806,932.9389270434988,-15.1,14.7,43.1,gallow,k-1,k,,
14:12,14,12,okchr,1976.5579003848409,925.2581970228748,-2.5,14.6,42.8,gallow,k-3,k,,
14:13,14,13,otar,2021.391479511097,927.2,7.2,16.1,38,gallow,t-1,t,,
14:14,14,14,otody,2068.8,940.2,20.4,16.4,48.2,gallow,t-1,t,,
14:15,14,15,otody,2121.2,963.7,29.9,16,47.1,gallow,t-1,t,,
14:16,14,16,otody,2167.9,999.1,43.1,17.5,51.6,gallow,t-1,t,,
14:17,14,17,otas,2205.3,1042.2,53.8,17.8,41.9,gallow,t-1,t,,
14:18,14,18,chfol,2230.8,1086.8,66.6,13.9,40.8,gallow,f-3,f,,
14:19,14,19,okshy,2249.1,1136.6,77.7,14.1,41.5,gallow,k-3,k,,
14:20,14,20,okem,2256.5961726585742,1179.2504892303934,87,12.943236189505258,40.1,gallow,exception,,36.6255515821265,17.4733688558321
14:21,14,21,okar,2239.3315319722324,1297.422979995213,111.9,15.866139106479658,41.6,gallow,k-3,k,44.532756542932745,21.41928779374754
14:22,14,22,ar,2252.446710204261,1258.929161885166,104.3,17.5,20.5,free,,,,
14:23,14,23,okedy,2219.6111351384443,1336.6503259536667,120.2,14.5,42.6,gallow,k-1,k,,
14:24,14,24,okedy,2257.0665530484257,1221.1149547771067,96.1,11.597651907473919,58.9,gallow,k-1,k,39.34213468312841,15.656830075089792
14:25,14,25,okchedy,2179.6142500800324,1383.5101092874615,135.2,14.338778152315333,71.8,gallow,k-1,k,67.07087090901983,19.3573505056257
14:26,14,26,eeekchedy,2128.0256746140735,1424.8562276325958,149.3,10.6,55.9,gallow,k-3,k,,
14:27,14,27,ofchdor,2067.4262573679575,1450.590318740012,163.3,15,61.7,gallow,f-2,f,,
14:28,14,28,qotchdy,1999.8362801487535,1460.4955660677076,176.8,11.905209426326778,30.7,gallow,t-1,t,60.692757655413914,16.072032725541153
14:29,14,29,kar,1948.8413917765245,1454.937647798657,-171.1,15.173129813448313,79.6,gallow,k-3,k,56.633707028695824,20.483725248155224
14:30,14,30,chdar,1904.8,1441.7,-159.3,15.3,45.1,free,,,,
14:31,14,31,chekolkoiph,1848.4681362019055,1410.7533292596243,-145.5,12.236387347062296,29.1,gallow,p-3,p,31.95008139084731,16.5191229185341
15:0,15,0,ofary,1904.9,1234,-105.6,15.7,46.2,gallow,f-3,f,,
15:1,15,1,okady,1893.2,1124.9,-104.7,17.8,52.3,gallow,k-3,k,,
15:2,15,2,okchdy,2040.8159164037136,1261.5420097759236,-90.2,14,49.2,gallow,k-1,k,,
15:3,15,3,kary,2039.5719443026426,1213.9099470635713,-93.5,14.9,35.1,gallow,k-3,k,,
15:4,15,4,oraiin,2033.2827379202333,1158.2040365771593,-103,11.233213207303725,45.5,free,,,46.82682482346959,15.16483782986003
15:5,15,5,eey,2024.777248043716,1120.1630581559014,-105.6,13.3,23.5,free,,,,
16:0,16,0,ok,1952.1,2247.9,173.8,14,16.5,gallow,k-3,k,,
16:1,16,1,ar,1931.9,2249.8,-179.5,17.2,20.2,free,,,,
16:2,16,2,ar,1911,2249.1,-177.8,13.7,16.2,free,,,,
16:3,16,3,okary,1877.7,2242.4,-167.1,13,38.1,gallow,k-3,k,,
16:4,16,4,otodeed,1823.9,2223.8,-155.4,14.1,57.9,gallow,t-1,t,,
16:5,16,5,odar,1777,2196.3,-138,13.8,32.5,free,,,,
16:6,16,6,chekaiin,1740.5,2160.1,-131,11.7,54.8,gallow,k-3,k,,
16:7,16,7,oees,1710.4,2116.6,-115.3,16.4,38.7,free,,,,
16:8,16,8,???,1679.7720507484803,1970.7463352761451,-87.3,22.883202110863365,61.6,free,,,67.39103021649261,30.892322849665547
16:9,16,9,oiin,1702.8,1854.2,-59.5,11.1,26.2,free,,,,
16:10,16,10,okees,1730.9983370078633,1819.9374910337688,-52.2,14.1,41.4,gallow,k-3,k,,
16:11,16,11,oiir,1758.9917932943697,1786.735828041632,-42.2,12.3,29,free,,,,
16:12,16,12,odaiin,1796.688611826243,1757.1291035508991,-37.6,12.6,44.4,free,,,,
16:13,16,13,okalol,1847.4369487020501,1730.9882865328566,-20.9,15.6,55.1,gallow,k-3,k,,
16:14,16,14,aiiin,1903.1265004114719,1714.0265366725644,-13.4,11.8,34.8,free,,,,
16:15,16,15,okal,1947.3083152247964,1710.0904195986388,-0.5,15.2,35.7,gallow,k-3,k,,
16:16,16,16,ol,1977.1,1711.2047724663023,5.6,16,18.8,free,,,,
16:17,16,17,otar,2012.0950107594774,1719.0828997408744,12.2,15.6,36.7,gallow,t-1,t,,
16:18,16,18,chchdam,2063.2,1737.3628345237296,29.7,15,61.6,free,,,,
16:19,16,19,chetey,2118.4,1772.7,38.4,14.3,50.3,gallow,t-1,t,,
16:20,16,20,otodches,2165.6,1823.8,56.4,15.9,74.8,gallow,t-1,t,,
16:21,16,21,oteesey,2199.9,1888.8,70,12.9,53.1,gallow,t-1,t,,
16:22,16,22,chckhy,2212.4,1948.6,83.6,14.8,52.3,gallow,k-2,k,,
16:23,16,23,otody,2210.8,2002.9,97.4,14.4,42.3,gallow,t-1,t,,
16:24,16,24,otal,2201.8,2049.5,105.7,15.4,36.3,gallow,t-1,t,,
16:25,16,25,chedal,2186.5,2090.1,114,11.9,41.9,free,,,,
16:26,16,26,opal,2165.8,2126.2,124.3,14,32.9,gallow,p-3,p,,
16:27,16,27,olkar,2138,2160.6,132.1,15.1,44.3,gallow,k-3,k,,
16:28,16,28,okedaiin,2087.7,2204.6,145,13.8,64.9,gallow,k-1,k,,
16:29,16,29,oror,2037.1,2231.9,159,14.2,33.5,free,,,,
17:0,17,0,otam,1790.449802269885,1965.5180556073647,-115.5,18.6,43.7,gallow,t-1,t,,
17:1,17,1,opchody,1768.3907910306104,1905.0051025399102,-117.2,15.7,64.5,gallow,p-3,p,,
17:2,17,2,oteey,1744.0924158639707,1851.733546123219,-116,14.113443851488585,48.6,gallow,t-1,t,48.781194112145094,19.05314919950959
17:3,17,3,?opar,1851.2560641240789,2046.252306268946,-111.6,14.298357733367979,48.1,gallow,p-1,p,49.26394534902182,19.302782940046775
17:4,17,4,chepchey,1832.2468317176615,1997.5011063802895,-114.4,9.790214342662864,62.9,gallow,p-1,p,52.63701435202582,13.216789362594868
17:5,17,5,oteedy,1811.18949520241,1946.0925368466392,-121.4,14.308758520933809,61.4,gallow,t-1,t,57.95047200978193,19.316824003260642
17:6,17,6,olaiin,1784.0240359018012,1892.7399463988313,-112.8,14.279740442628166,56.4,free,,,58.20779197926306,23.740068485869326
17:7,17,7,osshy,1760.0229012392074,1839.4787427853241,-112,15.9,46.9,free,,,,
18:0,18,0,dor,2022.0840044440706,1980.3281941859166,-113.9,14.9,26.4,free,,,,
18:1,18,1,oky,2043.45824060732,1974.3821787475135,-114.3,13.675677117680392,25.6,gallow,k-3,k,31.01077680202285,18.46216410886853
18:2,18,2,roo,2065.159714895635,1969.6133949692355,-102.1,14.450867761494738,30.2,free,,,31.867966274033133,19.5086714780179
18:3,18,3,otol,1998.9654290323112,1932.2839143866786,-116.9,16.5,38.8,gallow,t-1,t,,
18:4,18,4,ardas,2021.6639900206728,1926.6352389577705,-109.8,14.6,43,free,,,,
18:5,18,5,l,2055.3,1936.9,-110.1,21.4,12.6,free,,,,
18:6,18,6,chdy,2041.2199954794967,1911.3363027186529,-111.7,16.9,39.7,free,,,,
18:7,18,7,oparod,1973.9,1872.7,-113.1,13.7,48.4,gallow,p-1,p,,
18:8,18,8,shckhdy,1994.3,1856.8,-112.2,14.8,61.1,gallow,k-1,k,,
18:9,18,9,tshda,2016.5,1853.7,-112.7,18.9,55.6,gallow,t-3,t,,
18:10,18,10,opchd,1939.2218004673546,1806.6146421640692,-117.8,14.7,43.1,gallow,p-1,p,,
18:11,18,11,opchdy,1964.1,1791.5,-114.6,15.3,54.1,gallow,p-3,p,,
18:12,18,12,qokal,1987.2506507188289,1792.417064262145,-114.2,17.803031828465326,55.9,gallow,k-1,k,60.619323375924424,24.03409296842819
18:13,18,13,shet?,1909.760270500739,1746.9595810616415,-117.4,14.5,42.7,gallow,t-1,t,,
18:14,18,14,opchsy,1938.4,1737.5,-113.5,14.7,52,gallow,p-3,p,,
18:15,18,15,che?ky,1959.542660787419,1742.018366228027,-113.5,12.10439317439825,46.9,gallow,k-2,k,50.278736911250476,16.34093078543764
19:0,19,0,tol,1967.4098337007863,2203.9422987047155,-109.4,14.618402735942047,34.5,gallow,t-1,t,31.492962016589434,19.734843693521764
19:1,19,1,ofar,1955.3587491694047,2162.05050593857,-103,14.7,34.6,gallow,f-2,f,,
19:2,19,2,chefaiin,1942.3148592024017,2106.7631598171165,-104.2,11.324082993814704,64.6,gallow,f-1,f,61.026061856448145,15.287512041649851
19:3,19,3,ol,1931.4000725221856,2062.2315619100677,-100.8,15.734736365488743,22.2,free,,,24.531123557046545,21.241894093409805
19:4,19,4,okchy,1982.7774041656135,2192.646095026747,-106.5,13.564822672923333,46.7,gallow,k-1,k,46.95220225184501,18.3125106084465
19:5,19,5,qokedy,1969.046963180076,2130.83430930153,-102.2,14.658728210016235,60.6,gallow,k-2,k,59.34228170136223,19.789283083521916
19:6,19,6,qokedy,1954.4154375311011,2071.2787781254565,-104.4,14.83674355954913,59.3,gallow,k-2,k,60.287517803132225,20.02960380539133
19:7,19,7,tol,2003.8595805334173,2197.4211490882453,-105.4,19.83409293074051,36.3,gallow,t-2,t,42.47480629318532,26.77602545649969
19:8,19,8,teoor,1989.6836223216083,2155.1204625044925,-99.9,13.801473698628211,45.8,gallow,k-2,k,47.853955920435894,18.631989493148087
19:9,19,9,o,1984.6,2119.2,-103,14.4,8.5,free,,,,
19:10,19,10,l,1982.3,2108.1,-102,16.1,9.5,free,,,,
19:11,19,11,chekor,1975.9575922478941,2077.3082792278155,-103,12.253571580582038,47.6,gallow,k-2,k,50.811476820813525,16.542321633785754
19:12,19,12,okar,2103.3092185827695,2139.3518439014324,-154.4,12.151138857254828,36.6,gallow,k-3,k,34.60737816845077,16.40403745729402
19:13,19,13,olchety,2059.2427330454925,2116.062292192011,-153.8,12.915872071381559,62.8,gallow,k-3,k,60.72992397484897,17.436427296365107
19:14,19,14,daiin,2010.38835879093,2095.161460827999,-156.7,11.527025808602458,40.1,free,,,40.77261592079569,15.561484841613318
19:15,19,15,ok?dy,2114.3513010414895,2124.7919380746284,-149.2,11.52230993659993,41.3,gallow,k-3,k,40.62848785858968,15.555118414409908
19:16,19,16,qokcho,2070.583260767129,2098.3867680568665,-151.2,12.083302635260718,44.9,gallow,k-3,k,50.56434004338039,16.31245855760197
19:17,19,17,chfady,2022.7794649733223,2073.551627127212,-155.7,13.4,47.2,gallow,f-1,f,,
19:18,19,18,oro,1983.6966014935408,2053.209869961879,-151,14.6,25.8,free,,,,
19:19,19,19,okeechy,2121.1263191060075,2107.8975056438517,-150.1,10.245751114316707,52.2,gallow,k-3,k,49.0585925402834,13.831764004327557
19:20,19,20,okol,2082.7621111506596,2080.931995986732,-152.7,13.6,32.1,gallow,k-3,k,,
19:21,19,21,sheeo,2048.280368595408,2062.9795014985275,-152.4,11.638106742743402,38.9,free,,,41.3020538154405,15.711444102703592
19:22,19,22,tolfchd,2006.98402013718,2043.4556404875761,-142.9,10.385372414498214,55.2,gallow,t-3,t,49.57077758442581,14.02025275957259
19:23,19,23,saiir,2112.9329957034765,2071.007412475956,-146.2,12.80151860887857,41.5,free,,,45.00959468334434,17.28205012198607
19:24,19,24,shodaiin,2065.7990648530335,2042.2032736187607,-151.2,12.359645932860921,64.8,free,,,66.31218730934947,16.685522009362245
20:0,20,0,okedar,1054.846188246544,2189.3614718144354,-147.5,16.1,56.7,gallow,k-3,k,,
20:1,20,1,okody,1007.0157922161736,2150.840986653917,-133.4,16.2,47.8,gallow,k-3,k,,
20:2,20,2,okair,973.0705644909391,2109.128214441325,-125.5,14.7,43.1,gallow,k-3,k,,
20:3,20,3,chedy,949.9453334991285,2065.3382474179502,-112.2,14,41.2,free,,,,
20:4,20,4,opar,936.3105050708402,2023.517937251152,-105.7,15.2,35.8,gallow,p-1,p,,
20:5,20,5,ol,930.419072766182,1993.7311286710121,-96.9,15.7,18.5,free,,,,
20:6,20,6,keeedy,928.0691684294821,1956.8,-91.8,14.5,51.1,gallow,k-3,k,,
20:7,20,7,s,929.4408889490206,1917.8171334153799,-84.4,18.6,10.9,free,,,,
20:8,20,8,ar,935.4177065232229,1900.4259103533152,-77.3,11.601403015146103,15.3,free,,,19.691150579169136,15.66189407044724
20:9,20,9,olkchedy,949.1992466794367,1858.9598493358874,-70.1,13.241494971149798,68.5,gallow,k-3,k,70.67421202923616,17.87601821105223
20:10,20,10,otedaiin,985.4244291611792,1792.0646068867309,-52.3,14.145983773090492,70.7,gallow,t-1,t,75.66686720226103,19.097078093672163
20:11,20,11,olky,1028.5655887695943,1747.0328404478812,-38.5,14.861313461648681,39.2,gallow,k-2,k,41.967637296488135,20.06277317322572
20:12,20,12,or,1059.4787221223364,1726.0369997701623,-29.7,14.8,17.4,free,,,,
20:13,20,13,aiin,1088.9112570998548,1709.60016016518,-25.4,12.8,30.2,free,,,,
20:14,20,14,ody,1123.0704457274817,1696.6986685597087,-20.5,15.4,27.2,free,,,,
20:15,20,15,osain,1168.2128312938587,1688.3831894209227,-6.6,16.3,48.1,free,,,,
20:16,20,16,xdar,1220.1952824298735,1688.1749931086579,2.8,15.117088925566506,40,free,,,42.68354520159954,20.408070049514784
20:17,20,17,odaiin,1272.289733962536,1698.506036480705,15.5,14.9,52.6,free,,,,
20:18,20,18,okedal,1329.9947043101454,1722.2929599271913,29.4,15.6,54.9,gallow,k-1,k,,
20:19,20,19,ol,1365.330465252319,1744.8368345930971,36.9,16.9,19.9,free,,,,
20:20,20,20,ar,1385,1759.3,43.5,17.4,20.5,free,,,,
20:21,20,21,oekaiin,1411.367331950904,1792.3105569080008,47.9,12.6,51.7,gallow,k-1,k,,
20:22,20,22,al,1433.7020633128682,1823.0040034233198,58.4,15.6,18.4,free,,,,
20:23,20,23,o,1441.0187952098015,1836.103638907318,60.5,13.9,8.2,free,,,,
20:24,20,24,saldan,1452.8408635026249,1875.8260370069086,70.8,14.4,50.8,free,,,,
20:25,20,25,oteedy,1460.9576124027876,1935.1422275355446,86.4,14.6,51.7,gallow,t-1,t,,
20:26,20,26,otchdaiin,1456.246100627929,2005.0705786097487,100.2,13.031679486736797,77.8,gallow,t-1,t,77.73795742802379,17.592767307094675
20:27,20,27,otedy,1437.4595564932617,2074.9557919719937,116.2,15.208660722645439,46.1,gallow,t-1,t,52.70236857423727,20.53169197557134
20:28,20,28,otar,1410.8105187872716,2117.0393620188133,125.7,15.268675936045259,40.5,gallow,t-1,t,43.07630812770908,20.6127125136611
20:29,20,29,aiin,1387.3557482208435,2149.937213963169,135,12.2,28.6,free,,,,
20:30,20,30,yky,1354.277154503053,2177.066790674812,145.7,17,30,gallow,k-3,k,,
20:31,20,31,odaiin,1311.9100867239154,2201.2420915091657,152,13.8,48.6,free,,,,
20:32,20,32,okal,1261.6,2221.2556888588706,163.9,15.2,35.9,gallow,k-1,k,,
20:33,20,33,okalar,1204.3891623558247,2228.9136009815543,175.3,16.4,57.7,gallow,k-2,k,,
21:0,21,0,ofaraiin,983.5296013368184,1918.2105774653721,-4.3,16.8,79,gallow,f-3,f,,
21:1,21,1,okolar,993.089565290589,2002.6626676360222,-18.2,19.5,68.8,gallow,k-1,k,,
21:2,21,2,okchdy,1037.3636073252335,2098.5350621691337,-84,17.9,63.2,gallow,k-3,k,,
21:3,21,3,ykedy,1188.0171160781783,2173.9712584289696,-97.6,13.944859884087997,46.5,gallow,k-2,k,48.387781211716735,18.825560843518797
21:4,21,4,oteedy,1295.1644844797825,2150.042495268175,-124.8,14.829893180742943,62.2,gallow,t-2,t,60.08634560902155,20.020355794002977
21:5,21,5,otosaiin,1353.268380494174,2099.219054591479,-134.8,13.659856143086852,79.7,gallow,t-1,t,72.49018924217422,18.44080579316725
21:6,21,6,otchdam,1394.078585004574,2039.9400216497397,-156.2,14.755182013742026,74.9,gallow,t-1,t,68.62375722819748,19.919495718551737
21:7,21,7,otedy,1414.8923673977024,1958.1002232099895,-173.9,15.016160668321254,55,gallow,t-1,t,51.19145682382247,20.2718169022337
23:0,23,0,otchdaiin,212.26074959082376,2028.33897822298,-125.7,13.9,73.4,gallow,t-3,t,,
23:1,23,1,otodar,178.8004654673161,1957.4896571822435,-105,18.3,64.6,gallow,t-1,t,,
23:2,23,2,otedar,169.01620862127078,1888.5941175000642,-90.2,16.6,58.7,gallow,t-1,t,,
23:3,23,3,otar,173.68419258245748,1835.629061898762,-82.1,17.5,41.2,gallow,t-1,t,,
23:4,23,4,odaiin,187.2413571198937,1787.2415589944023,-69.8,13.9,49.1,free,,,,
23:5,23,5,olkaiin,216.80230134745807,1731.2523503368666,-53.5,15.2,62.4,gallow,k-1,k,,
23:6,23,6,otl,252.6,1691.4,-45,18.1,31.9,gallow,t-2,t,,
23:7,23,7,xasashe,301.0380639847693,1652.856572597877,-31.7,16,66,free,,,,
23:8,23,8,ol,344.6,1633.9,-17.7,19,22.4,free,,,,
23:9,23,9,ar,369.1,1625.6,-16.2,17.4,20.4,free,,,,
23:10,23,10,aikhe,404.1,1617.6,-10.1,14.9,43.7,gallow,k-1,k,,
23:11,23,11,chedaiin,459.2467210276034,1618.7158802745193,2.5,11.9,55.8,free,,,,
23:12,23,12,ockhedy,518.3344986634486,1630.5798501434908,18.1,13.8,56.9,gallow,k-1,k,,
23:13,23,13,sheda,567.952678929805,1651.9062022532985,26.3,13.5,39.7,free,,,,
23:14,23,14,otody,611.9958513325091,1682.6356739491775,38.2,16.4,48.4,gallow,t-1,t,,
23:15,23,15,okedal,650.502288134692,1723.7450514605105,51.5,14.1,49.7,gallow,k-1,k,,
23:16,23,16,d,670.2546106540025,1750.1962226431049,57.3,19.3,11.4,free,,,,
23:17,23,17,or,682.7081532077922,1771.3485812194858,64.1,13.5,15.8,free,,,,
23:18,23,18,aiin,692.0142120849287,1794.308099850522,70,13.1,30.7,free,,,,
23:19,23,19,otody,703.014834006322,1843.907585228053,81,17.3,50.8,gallow,t-1,t,,
23:20,23,20,toor,703.8597033226265,1891.3537085015805,91.9,16,37.7,gallow,t-3,t,,
23:21,23,21,chepar,696.6446983125405,1937.646748862703,105.3,12.4,43.8,gallow,p-1,p,,
23:22,23,22,ol,686.8167221461092,1972.8447514374507,109.2,14.6,17.1,free,,,,
23:23,23,23,chckhy,674.3531857550537,2003.085002797456,113.1,10.338669558400944,46.6,gallow,k-1,k,43.02296354870939,13.957203903841275
23:24,23,24,opchdar,641.5022918888044,2056.0412954015947,127.5,16.9,69.8,gallow,p-3,p,,
23:25,23,25,o,610.9938731489673,2091.57533670076,135.9,14.8,8.7,free,,,,
23:26,23,26,r,604.6295749332443,2097.508931774319,145.9,13.3,7.8,free,,,,
23:27,23,27,a,592.1930322580895,2104.998715428806,144,14.8,8.7,free,,,,
23:28,23,28,r,584.4858085360484,2110.5497419765315,148.8,16.6,9.8,free,,,,
23:29,23,29,al,566.882206295883,2120.331535930008,148.2,18.2,21.4,free,,,,
23:30,23,30,xar,540.1505722190874,2134.8902516670914,154.6,17.6,31.1,free,,,,
23:31,23,31,opor,503.51173160702825,2143.77198135698,165.1,15.3,36,gallow,p-1,p,,
23:32,23,32,olchedy,450.71701357401616,2152.468323446616,174.9,15.1,62.1,free,,,,
23:33,23,33,okalm,387.05769475869624,2149.2480728980304,-170.7,17.4,51.3,gallow,k-2,k,,
23:34,23,34,or,347.7127890139034,2138.6084491202255,-158.1,14.6,17.2,free,,,,
23:35,23,35,afalairidy,293.8722621365657,2109.9192943241424,-150.2,15.2,89.1,gallow,p-3,p,,
24:0,24,0,ofodady,355.7827339718541,2196.6983142250774,-78.1,15.6,64.2,gallow,f-1,f,,
24:1,24,1,opdady,435.23034091221245,2191.910337260013,-88.5,15.8,55.7,gallow,p-3,p,,
24:2,24,2,otodey,563.0091614839275,2171.553444908773,-108.1,16.5,58.2,gallow,t-1,t,,
24:3,24,3,otodedy,630.2384511891219,2127.3193496454887,-117.7,13.577980137843552,63.5,gallow,t-1,t,64.07660431933637,18.330273186088796
25:0,25,0,okaramal,261.8,1983.8,-37,17.4,81.7,gallow,k-3,k,,
25:1,25,1,opchdy,243.6,1812.2,-83.3,14.9,52.6,gallow,p-3,p,,
25:2,25,2,ofdoram,307.6,1888.9,-96.4,16.8,69.2,gallow,f-1,f,,
25:3,25,3,oda,325.845553844907,1675.6996605145707,-93.3,17.7,31.2,free,,,,
25:4,25,4,otedam,392.2918126741741,1994.8508292606602,-87,15.8,55.8,gallow,t-3,t,,
25:5,25,5,ofchdar,454.4470235941882,1678.7400330845662,-92,12.8,52.7,gallow,f-1,f,,
25:6,25,6,lokedshs,423.8797118211096,1979.4343891825038,-90,16.1,75.6,gallow,k-3,k,,
25:7,25,7,otodar,464.60739461745476,1969.0025175393607,-97.1,19.9,70.1,gallow,t-1,t,,
25:8,25,8,otedaiin,500.60647324058715,1942.966354641277,-96.7,14.122611498674932,71.2,gallow,t-1,t,75.53258971079389,19.06552552321116
25:9,25,9,okedy,530.7276300280207,1916.6845644824568,-95.7,18.6,54.8,gallow,k-3,k,,
25:10,25,10,xoltedy,564.4632675677781,1906.7053895770725,-94.2,14.191122163575127,68.8,gallow,t-1,t,66.48583222024658,19.158014920826425
25:11,25,11,opchdam,583.1613222556373,1865.7646447633688,-96.8,14.9,61.4,gallow,t-2,t,,
25:12,25,12,otedy,588.9755084220252,1808.2390224374092,-65.3,16,47,gallow,t-3,t,,
25:13,25,13,oporam,618.4601171250374,1761.552003609001,-48.6,16.9,59.7,gallow,p-2,p,,
25:14,25,14,otchdy,569.3797829201192,1697.6742786687166,-42.5,13.5,47.6,gallow,t-3,t,,
25:15,25,15,otody,605.2,1711.4,-41.9,16.3,47.8,gallow,t-2,t,,
26:0,26,0,opaihefchdy,95.67442204045312,2206.2197565929046,-42,15.9,102.8,gallow,p-1,p,,
26:1,26,1,sar,117.17074571705943,2145.276343599619,-92.7,20.068746966907597,37.4,free,,,42.85434788641071,27.092808405325258
26:2,26,2,odaiin,140.56149903755443,2102.6920165543893,-40.5,13.086265857515553,57.4,free,,,53.204100513960476,17.666458907645996
26:3,26,3,or,181.11473282002333,2090.55723320501,6.8,16.4,19.3,free,,,,
26:4,26,4,o,155.78850866218139,2192.471433205027,-3.6,14,8.2,free,,,,
26:5,26,5,dar,188.6791502406349,2189.604882868144,-33.7,19.634861125286992,39.2,free,,,41.71081309317724,26.507062519137442
26:6,26,6,aiird,216.73072887394082,2144.89015004812,-81,17.9,52.6,free,,,,
26:7,26,7,oteoly,211.99906150150073,2097.4349517805654,-42,12.91190572657215,53.3,gallow,t-1,t,52.985843599141944,17.431072730872405
27:0,27,0,osar,213.9984057838224,1010.0310637948331,-51.1,17.2,40.4,free,,,,
27:1,27,1,otar,247.47531491753352,977.1625456159129,-39.3,16.438384482151765,44.4,gallow,t-3,t,45.76654981221301,22.191819050904886
27:2,27,2,otodeedy,304.6473513098887,943.9454816693625,-25.5,15.365776746417382,75.8,gallow,t-1,t,81.6867597345257,20.743798607663464
27:3,27,3,oty,365.4601422370455,922.5500241982803,-12.3,16.529202072662972,33.2,gallow,t-1,t,35.924638121755805,22.314422798095016
27:4,27,4,daiin,403.6575293126761,916.9803242041958,-5.3,13.4,39.4,free,,,,
27:5,27,5,sheor,452.7786101038175,917.9312500598451,10,15.2,44.8,free,,,,
27:6,27,6,oar,503.91576470917107,929.2543596752533,17,15.253346335524196,32.3,free,,,33.26979885149991,20.592017552957667
27:7,27,7,otedy,542.6338820406835,944.6617452663925,28.6,14.7,43.3,gallow,t-1,t,,
27:8,27,8,qotedy,584.1965883367687,972.4789220604167,37.8,13.468828573646656,54.2,gallow,t-1,t,55.11287224469766,18.182918574422988
27:9,27,9,oteey,625.8,1017.3,52.5,15.7,46.2,gallow,t-1,t,,
27:10,27,10,otoraiin,657.6,1071.5,65.4,13.7,64.7,gallow,t-1,t,,
27:11,27,11,chekad?r,678.7,1142.4,81,12.9,60.9,gallow,k-1,k,,
27:12,27,12,ol,684.9,1186.9,86.6,12.8,15,free,,,,
27:13,27,13,aiin,682.9,1215.4,100.5,11.2,26.3,free,,,,
27:14,27,14,okedal,664.4356467350392,1270.0895547023806,111.5,14.5,51.1,gallow,k-1,k,,
27:15,27,15,olor,641.6283168742873,1314.5782977736455,128.4,15.2,35.7,free,,,,
27:16,27,16,opoiiral,604.685604208695,1357.6743053714815,134.7,13.6,64.1,gallow,p-1,p,,
27:17,27,17,eeealky,550.3830301720745,1399.8957276563242,147.7,13.5,55.4,gallow,k-2,k,,
27:18,27,18,ytar,496.960298000079,1423.731809784683,162.5,17.4,40.9,gallow,t-1,t,,
27:19,27,19,qokeo,444.8500006178659,1432.8031870717182,172.8,14.592388207969991,47.4,gallow,k-1,k,50.54767020860164,19.699724080759488
27:20,27,20,l,415.07858825793284,1435.7603475457017,-179.3,16.804678662533675,13.3,free,,,14.845372101658624,22.686316194420467
27:21,27,21,tched,377.9816339965018,1430.6970794519557,-175.2,17,50.1,gallow,t-1,t,,
27:22,27,22,oiin,325.2,1415.9,-160.3,13.4,31.6,free,,,,
27:23,27,23,oteedaiin,272.4628929909385,1390.523431495514,-148.9,13.3,70.4,gallow,t-1,t,,
27:24,27,24,odal,221.93237461063245,1350.4591201390315,-134.5,15,35.3,free,,,,
27:25,27,25,cheky,195.42646435115594,1318.569658025741,-130.7,13.6,40,gallow,k-1,k,,
27:26,27,26,otchdor,166.4398895009535,1263.8029478029537,-111.2,14.2,58.6,gallow,t-1,t,,
27:27,27,27,or,152.27625527801845,1220.4255257588732,-100.1,14.6,17.1,free,,,,
27:28,27,28,olkoaiin,151.53981554325046,1179.5173226400195,-93.1,11.8,55.4,gallow,k-2,k,,
27:29,27,29,okal,156.13358968794637,1124.1701990372844,-82.8,11.61365543414725,31,gallow,k-3,k,33.91715280199822,15.678434836098788
27:30,27,30,o,159.59684018319092,1103.183707305622,-69.8,12.4,7.3,free,,,,
27:31,27,31,laiin,171.6097800666608,1080.8822387970276,-69.5,10.892802312123889,36.9,free,,,38.99187515647867,14.705283121367248
28:0,28,0,otedal,307.0158691358414,988.8232046886368,61.5,14.4,50.8,gallow,t-3,t,,
28:1,28,1,opaiin,245.8686707823673,1037.4035177396072,38.3,10.683947755479364,40.4,gallow,p-1,p,45.37866230879919,14.423329469897142
28:2,28,2,o,266.20821257284166,1054.3229873561327,39.7,11.173708448980031,8.6,free,,,11.50279712247739,15.084506406123044
28:3,28,3,otchdy,202.55964956851184,1124.1852611743122,3.3,11.671104789107487,53.6,gallow,t-1,t,47.82081620168515,15.755991465295105
28:4,28,4,okchy,191.95704327132754,1195.7872962150802,-10.7,12.71612940185007,42.4,gallow,k-1,k,44.612420651490666,17.166774692497594
28:5,28,5,chkeedy,207.7946189586646,1252.686160262511,-14.7,12.2,50.3,gallow,k-1,k,,
28:6,28,6,opairar,266.6064656488242,1320.9490253448691,-41.9,14.2942806015331,66.3,gallow,p-2,p,67.13428743384628,19.297278812069685
28:7,28,7,odee?y,336.31973490220315,1373.655611422924,-71.7,13.430790883292886,54.2,free,,,54.86565288752958,18.131567692445397
28:8,28,8,okody,430.39608125425644,1395.2295893219298,-86.3,14.687592737440482,46.7,gallow,k-1,k,50.83846957893315,19.828250195544655
29:0,29,0,kechy,2361.5026375955945,163.33107639903454,155.2,11.002774941677504,45,gallow,k-2,k,38.29397161074033,14.85374617126463
29:1,29,1,qolchedar,2301.207499247899,187.19314954573525,152.5,12.338836606342655,82.6,free,,,73.34489221193299,16.657429418562586
29:2,29,2,ar,2259.1073818768855,208.56528138964325,156.5,10.929256103509516,19.2,free,,,17.540450286368646,14.754495739737848
29:3,29,3,otedy,2356.405639331055,147.3776384613107,157.1,12.388659944447957,48.5,gallow,t-1,t,42.740876808345455,16.724690925004744
29:4,29,4,chdaiin,2305.9837092315624,163.51174245466663,157.5,10.765903837033662,55.5,free,,,51.25766437965472,14.533970179995444
29:5,29,5,oty,2264.3540293202473,183.55380458955062,151.5,16.36157691350209,31.9,gallow,t-1,t,35.70168398888205,22.088128833227827
30:0,30,0,osal,2276.2224860476076,55.019328324572626,106.2,14.697979915044417,38.9,free,,,41.728901158803374,19.842272885309963
30:1,30,1,cpeey,2258.1904530992665,100.10063345099591,124.5,8.4218802741776,33.3,gallow,p-1,p,30.531179241742063,11.369538370139763
30:2,30,2,okor,2304.627045679703,98.94057302370096,129.2,12.108770197046796,31.3,gallow,k-2,k,35.38401155700931,16.346839766013176
31:0,31,0,sarchcphdy,2176.127106376604,862.508552825005,-173.5,13,76.6,gallow,p-3,p,,
31:1,31,1,otchdy,2014.2023479872842,840.0513116516652,-177.6,12.079114851960698,46.3,gallow,t-1,t,50.358844094643786,16.306805050146945
31:2,31,2,otoldy,1963.9697908330975,837.5407488996173,-174.3,11.388269385825359,44.8,gallow,t-1,t,47.56171718300607,15.374163670864235
31:3,31,3,ofchedaiin,1848.6314757014172,850.9739019844294,164.8,14.5,85.5,gallow,f-2,f,,
32:0,32,0,oparodam,2091.343996073614,2269.7490073252616,178.9,14.4,67.9,gallow,p-1,p,,
32:1,32,1,o*alda,1751.5046287239754,2282.1435885031738,-165.5,15,53,free,,,,
33:0,33,0,osaram,1642.6357765620605,1606.3734422548337,-126.2,13.680293333199753,60.6,free,,,55.38132702271505,18.468395999819666
34:0,34,0,adashgasain,1615.5,842.5,146.8,14,90.8,free,,,,
35:0,35,0,orarol,775.1700318514447,770.2100783999042,43.3,14.367730473871136,61.3,free,,,58.10260659735301,19.39643613972603
36:0,36,0,chdain,636.3278902689228,1646.5468275340784,-36.9,13.3,46.8,free,,,,
36:1,36,1,otedy,652.8219442331433,1662.1960260976566,-40.7,16.4,48.2,gallow,t-1,t,,
37:0,37,0,daldal,900.7962327301485,184.39049812484024,78.8,13.85926193151701,52.7,free,,,57.05086111205341,18.710003607547964
37:1,37,1,daraldy,945.5333568087322,605.8634624481172,77.3,14.954657802535205,70.1,free,,,70.02738437475382,20.18878803342253
38:0,38,0,opokchosody,1563.788077295526,588.5060661046288,104.7,14.544525720465316,105.9,gallow,p-1,p,103.9357129152398,19.63510972262818
38:2,38,2,o*olc*hy,1703.4818567885468,381.48581889659823,-92.6,15.48080435958979,53.1,free,,,84.60328081650154,20.89908588544622
39:0,39,0,okas,2295.0180501165723,577.8831805354932,141.5,11.38182236477975,39.7,gallow,k-3,k,32.114923045238015,15.365460192452664
39:1,39,1,oedady,2259.7517514877504,603.7947322501892,144.8,11.9841267436921,53.4,free,,,49.26190377357409,16.178571103984336
40:0,40,0,opodchdal,2091.6885062375277,1602.2582642016494,-167.1,12.8,67.9,gallow,p-3,p,,
40:1,40,1,darchdy,1812.0390595881265,1570.3034789518172,-165.2,15.3,62.8,free,,,,
41:0,41,0,okar,1545.2136052013318,2156.174270756646,-92.5,19.3,45.3,gallow,k-2,k,,
41:1,41,1,lashalg,1566.6023808097077,1847.8741306257564,-95.5,18.26168861458284,82.6,free,,,84.24907389205308,24.65327962968684
42:0,42,0,opchdain,840.811938571818,1920.2884752230837,10,11.6,54.5,gallow,p-1,p,,
42:1,42,1,otdar,877.4136811873948,1752.671209349306,-77.7,15.4,45.4,gallow,t-1,t,,
42:2,42,2,shed,889.9958361122722,1707.4999687029451,-76.7,15.2,35.7,free,,,,
43:0,43,0,otch,458.56824201610186,1484.1155863128893,0,14.4,33.9,gallow,t-1,t,,
43:1,43,1,osy,407.6517086694816,1531.785928082149,-1,16.2,28.6,free,,,,
43:2,43,2,odl,509.64624739909164,1524.8416461975671,2.5,15.5,27.4,free,,,,
43:3,43,3,d,442.30754714702124,1566.0426688408054,-1.3,17.7,10.4,free,,,,
43:4,43,4,dy,462.15947590351595,1566.5366907675684,4.9,16.3,19.2,free,,,,
44:0,44,0,depcheky,260.70517013623385,1524.4695073257342,-0.4,15.2,71.7,gallow,p-3,p,,
44:1,44,1,oteey,642.8723733397738,1436.2069315688225,-8.2,18.7,55,gallow,t-2,t,,
45:0,45,0,okody,1816.8386020951946,120.05660138744629,172.5,12.727500658005443,42.3,gallow,k-2,k,44.55951011620447,17.18212588830735
46:0,46,0,soiindy,215.03968696678731,767.3636876633174,5.5,16.04832135974436,75.5,free,,,74.78254666405465,21.665233835654885
46:1,46,1,ytedar,449.81712044233893,734.3856313427066,-2.9,15.031825085122692,57.5,gallow,t-1,t,61.21088282362078,20.292963864915638
46:2,46,2,ddsschx,334.6512475059128,815.8345161267813,-1.1,12.83894109736109,61.8,free,,,60.676835626128515,17.33257048143747
46:3,46,3,daldar,406.2761453119216,878.8736162720452,-5.6,15.493765452555136,62.1,free,,,62.68372551415843,20.916583360949435
46:4,46,4,ofardy,569.4401447088718,846.1086835663342,5.2,12.726474475498454,49.8,gallow,f-1,f,52.61178703381595,17.180740541922912
